id;creation_date
1;2026-03-30T19:48:52
2;2026-03-30T23:52:38
3;2026-03-30T10:02:19
4;2026-03-30T19:03:15
5;2026-03-31T00:49:46
6;2026-03-31T01:07:56
7;2026-03-30T13:50:28
8;2026-03-31T00:37:22
9;2026-03-30T10:14:30
10;2026-03-30T08:27:30
11;2026-03-30T16:36:17
12;2026-03-30T21:22:46
13;2026-03-30T17:47:18
14;2026-03-31T02:59:44
15;2026-03-30T11:58:14
16;2026-03-30T14:15:15
17;2026-03-30T16:23:31
18;2026-03-31T01:38:07
19;2026-03-30T14:32:17
20;2026-03-30T10:01:23
21;2026-03-30T21:03:19
22;2026-03-30T10:40:10
23;2026-03-30T20:18:52
24;2026-03-30T23:19:56
25;2026-03-31T00:57:55
26;2026-03-30T09:18:52
27;2026-03-31T06:19:54
28;2026-03-30T15:34:01
29;2026-03-31T07:02:06
30;2026-03-31T07:36:29
