id;config_var_long_1;config_var_long_2;config_var_long_3;config_var_long_4;config_var_long_5;config_var_long_6;config_var_long_7;config_var_long_8;config_var_long_9;config_var_long_10;config_var_long_11;config_var_long_12;config_var_long_13;config_var_long_14;config_var_long_15;config_var_boolean_16;config_var_boolean_17;config_var_boolean_18;config_var_string_19;config_var_string_20
1;23412;25811;26188;7102;32676;24568;26331;13312;13738;15309;566;32149;1658;23183;24508;true;true;false;ah velvety institute;challenge er for
2;29628;9515;32760;30338;11200;30849;7632;3154;16715;26394;4104;13379;19655;9652;4775;false;true;true;where around label;not democratize among
3;9402;14593;12804;26349;3346;35;25704;4585;2122;28805;12582;7825;25112;28284;242;false;true;false;trivial psst thump;cannibalise since
4;12548;28717;7543;15426;30360;4914;10856;11947;20701;27064;14658;2078;20372;26615;5423;false;true;false;um long transplant;lightly
5;24141;30686;26883;32157;4325;16512;13980;26068;22348;7317;18508;32577;17219;20448;23844;false;true;false;correctly viciously whereas;flimsy abandoned milestone
6;28188;26307;13750;12535;20069;20859;13777;29100;4513;5530;8903;22803;29571;24542;23253;true;true;true;commercial categorise;hard-to-find
7;3460;8302;3823;10246;19164;30218;22518;8420;2862;30784;16830;14003;8005;26297;26166;true;true;true;youthfully hygienic task;lumbering
8;28828;3000;17176;19362;23936;729;17635;17504;18232;11235;5195;19239;13953;3140;31629;false;false;true;scare er tasty;cross
9;18590;29876;10017;2609;18294;2901;12205;23393;1904;26000;7908;22978;4290;20928;2642;false;false;false;aching advancement;amid uselessly gripper
10;19567;18848;24992;19869;10152;16301;24600;23845;23447;26880;14675;18694;2545;3384;27070;true;false;false;lest;vanadyl
11;11027;8254;3497;7618;21168;7174;13577;25769;6393;6744;2828;11726;21616;2911;28090;true;false;false;when;or surge amount
12;30086;29716;1663;8448;25932;26697;24381;19025;29746;28364;27640;14538;9811;5104;19130;true;true;false;quintuple stiff but;swine concerning
13;12063;2389;24057;22826;17646;19512;11013;19366;21861;4774;6229;8998;26903;613;22555;false;false;true;enthusiastically gosh onto;successfully
14;19679;7960;30552;11603;18388;8253;24337;10539;19241;16417;21012;13587;9835;24893;6939;false;false;false;overdub turret;uniform absentmindedly with
15;30491;20498;7271;815;26944;20441;11414;1948;16502;9903;22941;10489;472;25840;8783;false;false;false;boastfully zowie;casement maestro huzzah
16;21607;549;12959;28156;13430;6096;13686;21256;8614;8259;1739;15979;15948;22177;15669;false;false;false;roughly past;upon
17;28415;20554;25837;14867;2460;14347;16770;18646;18572;7886;11061;10908;9634;20071;6652;true;true;true;verbally;limp yahoo
18;13165;4370;16746;5216;23254;12595;29302;8755;16223;23220;15881;30023;15738;27173;18479;false;false;true;whenever incidentally about;meanwhile wedding
19;5213;1997;16419;25723;8025;26754;25494;11960;19070;16055;27516;22928;6260;14059;5002;true;false;true;despite;concrete so
20;15526;16918;1977;3146;14644;20090;26654;25358;30575;24096;28667;19482;15597;7277;24279;true;false;true;gah anticodon;oof
21;20909;9846;24060;18956;25615;23980;2857;2927;24371;1275;17062;5896;32339;4632;9714;false;true;true;when;redevelop endow
22;27022;20936;7967;16189;30884;11105;6275;27820;6436;24617;7541;24853;2419;25468;29037;true;false;false;among formamide;perfumed
23;22826;20952;2709;25209;2991;8206;26207;7906;20781;13544;17385;6666;2230;22472;23816;true;true;true;yearly quirkily;machine
24;8177;22095;31534;1860;2536;10887;26543;1065;7769;26788;15302;29439;2046;24364;2968;true;false;false;underneath;microchip toe topsail
25;32421;14300;23479;9950;25768;4346;5667;7204;14580;11836;23551;5489;14494;26256;9013;false;true;true;delete righteously;considering inasmuch hungrily
26;1475;2673;19970;15388;3573;10132;3981;24508;7619;20521;10028;11160;31439;4108;13215;false;false;true;into coaxingly seal;upwardly yuck alienated
27;25244;3962;21995;11148;16552;10775;17392;12022;22584;17003;24806;29083;18556;7138;14905;true;true;true;pish vaguely bewail;cautiously who
28;17322;32576;30818;26971;8209;8591;17523;14466;11872;29761;29845;7536;16417;4402;30223;true;false;true;unlined;nautical whoa phooey
29;7508;22495;19099;87;14599;1953;10895;26996;9870;21026;25610;4031;29187;9482;31922;false;false;false;weary impure ack;provided
30;2817;2394;1222;3845;9111;6701;837;15976;27451;650;22581;15176;21039;22974;21702;true;true;false;gurn;energetically bah
