id;creation_date;top_news_1;top_news_2;top_news_3;top_news_4;top_news_5;latest_news_1;latest_news_2;latest_news_3;latest_news_4;latest_news_5;breaking_news_1;recent_posts_1;recent_posts_2;recent_posts_3;recent_posts_4;featured_articles_1;featured_articles_2;featured_articles_3;featured_articles_4;featured_articles_5;featured_articles_6;featured_articles_7;featured_articles_8;featured_articles_9;featured_articles_10;popular_news_1;popular_news_2;popular_news_3;popular_news_4;popular_news_5;popular_news_6;popular_news_7;popular_news_8;weekly_news_1;weekly_news_2;weekly_news_3;weekly_news_4;news_feeds_1;news_feeds_2;news_feeds_3;news_feeds_4;news_feeds_5;news_feeds_6;useful_links_1;useful_links_2;useful_links_3;useful_links_4;useful_links_5;useful_links_6;recent_videos_1;recent_videos_2;recent_videos_3;recent_videos_4;recent_videos_5;recent_videos_6
1;2026-03-31T00:30:14;30976;21411;20775;25218;16729;25038;1719;19372;15649;25120;19101;24067;3162;235;8192;26796;13782;13337;8569;14961;6819;23044;3747;14456;30152;19461;7117;5882;32692;32274;23707;4757;7688;1751;22479;24770;8126;2628;7478;17253;27479;16764;29948;16528;4860;32028;28242;27524;1836;16796;21467;153;4425;15549;16494
2;2026-03-30T22:44:10;17719;22762;14434;22081;19065;30597;4097;8880;1436;32129;18821;13185;13875;7623;15286;20058;18280;18013;18041;20015;6662;12659;31270;29013;15469;216;24686;28040;5079;11759;18756;19615;18631;14407;14115;10079;21175;24339;6984;14080;13543;14673;16587;19400;12708;2020;17348;27949;14048;5790;29010;18017;5037;22757;20500
3;2026-03-30T23:04:48;15333;13751;30863;2877;25504;12875;26619;20196;725;10232;29786;8693;3714;25583;25614;21172;2185;15466;9602;30274;2340;32071;24292;14812;1072;4046;20751;15890;23331;3126;17209;25085;27983;26278;32344;5518;25993;6119;12361;23916;1569;3547;18756;3168;16319;19802;13997;23140;31492;17976;30251;168;25637;10338;13830
4;2026-03-30T14:20:30;6699;712;7452;5575;3300;1450;31355;12732;24379;6947;25468;19867;15030;13510;30521;28648;23427;2400;1761;2792;27939;12276;11861;23301;2398;26205;7746;17030;6588;12131;8248;27363;25914;18310;18935;5365;10020;21441;6317;11872;20529;5424;10422;17305;28407;22631;4412;28956;7027;24245;27700;25665;994;4631;9033
5;2026-03-30T16:34:18;29933;18695;10158;19944;17418;27431;17574;23177;17656;14523;6145;23396;27154;7727;21961;24841;15206;32250;21851;15360;26576;22133;12522;10256;21778;20139;20686;20410;534;29916;14265;30516;20860;21126;30794;16191;207;20979;12781;20500;13128;31164;9189;26383;27050;23892;5306;20744;11799;21269;30443;11729;1304;1184;28109
6;2026-03-30T23:17:04;6236;5011;7321;1574;10724;20933;32690;10043;22029;9857;6445;10187;32582;26780;3933;19185;7258;21132;19224;28460;23508;11629;28906;22102;15063;6917;8464;10484;397;19723;10245;10587;14116;10457;17671;23685;12334;29917;4147;23608;714;1759;18386;20536;1740;20903;19725;29772;29376;9076;26367;8201;17886;2778;27635
7;2026-03-30T13:18:51;17263;27556;9279;3148;31959;28874;6501;7957;29602;12703;13061;10534;6556;15496;3648;7671;12799;24119;17036;15507;29383;30957;12238;27684;29782;11722;11056;17945;12407;24480;22648;4305;22765;32482;21694;12586;1848;6718;11673;31684;26700;1779;683;4331;9079;12433;29068;21460;32450;6476;30254;13434;23326;20435;12576
8;2026-03-30T09:59:45;2125;27350;28914;17624;695;23917;25959;10572;21919;18317;1281;1062;3565;20886;29652;21096;30118;3614;32193;28677;21398;32186;25514;19401;29601;15293;30695;32443;16109;9031;25489;9819;3228;10580;7899;23574;25335;20773;13586;13480;29681;22366;9036;24848;25152;32482;22625;16604;12725;1963;30267;23303;16140;28094;2747
9;2026-03-31T05:10:53;13354;24297;14677;25942;30057;17842;11219;22379;18010;25764;10804;30896;18670;290;2578;14248;8632;24673;24666;1596;5370;1783;2334;5422;5702;27824;6500;2027;4080;10042;30695;25866;23706;6788;25658;1724;26122;31905;30958;12836;8304;26294;31434;23437;23408;5787;22035;6386;17763;32401;8163;31066;3324;16021;27643
10;2026-03-30T23:32:15;3017;5561;8377;5585;18695;5913;14829;11789;11869;19584;24704;16168;8087;246;3667;26326;26707;19159;11746;21272;25420;10979;9782;19893;4785;10975;19389;24280;14064;11295;14264;6040;9365;25913;20431;25624;9673;22184;1620;3034;28951;6397;27713;774;23291;25686;7589;254;5939;24481;14029;6844;12695;13845;14757
11;2026-03-31T00:27:30;15896;516;24259;17014;4336;26317;793;32210;9071;5169;26462;14878;13333;16462;23113;11193;24729;25323;8439;19431;2493;19742;15286;31574;24687;9450;11419;14464;17452;25369;32058;10079;9320;3773;2577;31955;19853;31493;14105;1614;10456;29317;26508;23205;8085;20109;5772;9974;17561;25767;12064;14495;25578;16288;25527
12;2026-03-30T16:21:43;25106;21932;28827;26790;26920;21861;15718;11505;13607;13172;6456;32073;15073;13856;21116;28085;26057;24462;32111;17459;25837;14414;28200;24566;12619;17355;21629;10522;20410;765;536;15445;29541;6283;4034;5509;8064;7572;14314;2990;31156;4339;31997;22103;31236;20900;28380;9274;30926;19261;21151;9989;13087;18283;11308
13;2026-03-30T23:43:44;12723;7091;9639;9847;27208;7992;25867;30997;32126;17096;25227;27285;7512;24212;23475;17339;15446;4311;6719;31153;5265;6854;13772;16659;25861;9362;30998;14900;25392;18472;15134;25157;8042;29888;23175;7054;29232;23510;30348;902;4436;27268;31267;6443;1496;6244;28363;638;24924;18416;9919;5369;14259;20182;13585
14;2026-03-30T13:10:48;32622;11060;27907;3418;22050;30445;9090;26503;600;16013;16594;8403;2566;10752;2054;25452;19111;1453;7536;13549;3528;2078;16027;9234;26023;22454;2503;10769;5949;22532;17507;1043;26328;18067;5362;3274;13207;7609;28967;16880;31398;21629;23009;20383;7212;20383;6607;1537;2074;6032;6312;28634;12100;20908;16774
15;2026-03-30T16:27:27;24114;28715;9335;3451;12013;6852;2916;29909;9532;23303;2324;12214;13751;20585;9721;258;3045;1943;24486;19092;22152;21389;13481;13110;27492;22789;28025;2922;12014;29805;8430;29009;18035;18894;5787;4412;7642;1420;15986;32408;28495;17994;27005;30583;27843;19353;19347;31752;31938;14866;8602;31232;31559;17189;25139
16;2026-03-30T18:59:53;21643;24541;19803;12774;14890;23452;16221;2754;28612;7036;30690;11685;26620;7234;31100;16802;30075;15467;28216;24579;13194;13276;32406;28810;9834;16794;3708;16289;16141;8523;1670;218;28039;21642;16781;29590;17914;29429;18723;9389;22175;26310;5435;15233;27625;28306;18850;4190;11667;14625;17896;21128;15407;5725;7530
17;2026-03-30T10:48:55;7731;24984;24791;6139;21399;19289;10417;29040;4036;24404;25239;29509;21415;4243;26014;32320;14733;732;29256;27885;16690;7408;20707;13663;28279;28127;5109;4630;17716;16102;14799;28863;8887;1655;17581;18204;24767;9902;20310;1557;6804;5774;7348;5874;21037;22416;14641;13998;3934;24626;25222;7162;27901;30914;24086
18;2026-03-30T17:03:15;8442;25687;24279;15205;16223;25599;5051;6380;26235;2433;24242;8209;19495;29858;15245;24858;19557;15245;18648;13794;16146;32561;11000;6651;5644;20800;8291;32492;5370;3500;7995;9082;26935;24006;13442;27387;4611;178;13246;13876;9284;29326;12924;27409;30797;25158;25729;3789;31623;22017;576;27049;13646;22599;13131
19;2026-03-30T15:02:55;2067;29055;21836;27849;17622;19158;26076;8404;20755;27815;21845;31979;783;13514;653;1308;1143;24376;32399;20935;14191;19851;30825;31066;8130;6680;30711;24007;8717;17232;19987;45;911;26725;29307;16800;14568;14073;954;6754;14187;17287;718;12548;4894;10579;24787;4244;9646;26188;28589;24974;2766;4326;19269
20;2026-03-31T06:32:17;2389;26071;20448;4601;22645;8198;22066;28914;9243;5265;7138;8358;31353;7002;24976;8109;32564;21728;4922;27944;7357;29820;5114;4413;30746;20632;32326;31129;11926;23742;21314;1019;2602;18265;30549;19701;10088;27008;25522;27733;8248;21395;20379;25141;7241;12618;30861;14225;18441;1016;14612;3482;16442;9199;6092
21;2026-03-30T10:57:55;1217;24616;13205;140;31477;26524;18442;24997;24612;30738;21522;20542;21770;20336;7311;16644;1528;4072;13914;22008;28530;19375;12057;16235;2168;11040;21763;13620;25694;4695;2948;13439;19889;27906;20047;810;6248;12781;28647;22433;9660;3941;16671;7386;23131;28193;19521;5352;24540;6642;12659;11776;17822;29262;9182
22;2026-03-30T16:54:40;20368;17395;21321;6058;5678;10200;17685;29291;7296;13563;3734;29145;1085;28240;26050;5441;27089;19259;14333;9582;26664;14419;10874;8216;18462;31956;9234;2501;4566;26497;22181;20329;3327;20804;13965;1162;31858;28807;25764;9832;148;16506;7594;13314;16105;20560;9784;27450;8524;28626;5186;25799;8958;30873;6783
23;2026-03-30T08:43:43;28737;31385;19369;20444;1048;26838;16390;15115;5022;15305;2134;14594;7215;25280;3597;23918;14351;28348;13923;7309;17065;21482;466;1307;24407;15807;1413;22279;7210;20941;13234;7498;24271;5277;10939;23798;9770;8746;26829;18409;8862;16557;13376;19129;24162;19993;27981;14647;7206;1922;2190;25975;1559;7819;16735
24;2026-03-30T23:09:45;18902;4666;26144;13006;27196;1062;22691;8968;12668;14103;17707;22933;14108;22153;1878;30523;4764;12596;32266;14818;13947;14191;10534;5939;32624;3407;9593;32350;30009;23335;4765;32021;7210;14183;22596;26183;31786;20800;27875;13099;21100;23279;4595;21492;29308;18953;9740;10942;30002;13642;17299;22637;26008;16280;4832
25;2026-03-30T22:30:55;16767;25266;30824;9187;26112;14650;31287;1093;6352;8699;19120;6942;7223;22400;29103;1945;24705;16269;26362;1515;14126;30864;6439;14376;9700;15495;27580;20905;22175;11078;7456;4226;31968;8110;31524;17059;25264;24504;24893;21824;5607;18043;776;27810;25674;3823;5294;29025;16821;7433;13690;26728;19011;12210;26352
26;2026-03-31T00:35:30;28539;17484;5479;27164;14051;28310;26488;15584;11840;16410;26320;26322;23422;14277;27396;23963;4195;31566;30518;12312;16723;32110;432;29051;594;14917;3632;31430;15466;22737;24927;10823;11916;9397;31284;27479;24116;14384;3632;2250;8883;4013;7399;27615;18389;6781;26511;13822;30191;18930;18581;10144;12477;5511;23206
27;2026-03-30T15:47:39;32075;6408;23405;26231;29760;23197;10526;7003;25872;417;22931;25663;12741;10859;15631;9204;21989;24277;357;14809;18730;24319;5482;30169;13695;9870;25996;31505;23845;26091;28704;14705;3632;28834;22986;5125;1820;7117;1828;23223;18013;29640;30630;26561;17157;13681;32707;18089;19269;18809;32466;3792;6103;30212;15062
28;2026-03-31T02:54:08;638;3271;12230;4521;5311;31029;24396;10932;19940;2420;30899;27602;23261;31491;31132;25816;11412;29212;19454;16056;31228;5738;1888;19473;18483;28065;8843;22224;22150;22636;17682;2421;21896;15946;22804;4677;24363;20991;11770;25552;27996;17431;28323;28658;3878;27601;6240;3887;25029;28119;8737;15834;29294;30295;25091
29;2026-03-30T11:03:59;23442;12321;18902;28436;31183;6352;17244;27006;22103;4067;22346;31406;16808;20308;7608;32609;13605;15422;28833;19091;5744;21696;3694;15945;3782;27725;6324;18912;4818;23891;6964;30989;6734;9007;735;32601;26170;32320;22184;25896;11182;26672;15055;6140;31111;22443;18282;11216;4671;29464;6226;24482;18436;2245;6777
30;2026-03-30T08:10:45;16422;4894;2439;23356;28437;20535;2845;26987;23458;31342;3055;26310;26578;9426;1810;30817;12810;28242;10149;16948;15788;268;16744;12073;26685;17019;31041;10489;28867;20597;19277;2859;29038;30458;1090;7496;18272;11030;21981;14558;25768;177;22776;6479;28514;27989;16169;7966;18602;8769;31814;32147;20679;374;2290
